frame_number,vehicle_id,speed,license_plate,license_plate_confidence,is_overspeed,x1,y1,x2,y2,confidence,vehicle_class,timestamp
3,2,28.58,N/A,0.0,False,562,119,595,149,0.59,car,0.10344827586206896
3,2,28.58,N/A,0.0,False,536,122,558,146,0.51,car,0.10344827586206896
4,1,22.15,N/A,0.0,False,180,68,454,273,0.8,car,0.13793103448275862
4,2,28.58,N/A,0.0,False,563,119,595,149,0.67,car,0.13793103448275862
4,2,28.58,N/A,0.0,False,536,120,559,146,0.55,car,0.13793103448275862
5,1,22.15,N/A,0.0,False,181,68,454,273,0.8,car,0.1724137931034483
5,2,30.51,N/A,0.0,False,563,119,595,149,0.69,car,0.1724137931034483
5,2,30.51,N/A,0.0,False,537,120,559,146,0.52,car,0.1724137931034483
6,1,22.15,N/A,0.0,False,180,67,454,273,0.79,car,0.20689655172413793
6,2,30.51,N/A,0.0,False,563,118,595,149,0.65,car,0.20689655172413793
6,2,30.51,N/A,0.0,False,537,121,559,146,0.5,car,0.20689655172413793
7,1,22.15,N/A,0.0,False,180,66,455,274,0.8,car,0.2413793103448276
7,2,30.51,N/A,0.0,False,564,118,595,149,0.74,car,0.2413793103448276
7,2,30.51,N/A,0.0,False,538,123,559,146,0.54,car,0.2413793103448276
8,1,22.15,N/A,0.0,False,181,66,455,274,0.81,car,0.27586206896551724
8,2,30.51,N/A,0.0,False,564,118,596,149,0.76,car,0.27586206896551724
8,2,30.51,N/A,0.0,False,538,122,560,146,0.55,car,0.27586206896551724
9,2,30.51,N/A,0.0,False,565,119,596,149,0.78,car,0.3103448275862069
9,1,22.15,N/A,0.0,False,181,67,456,274,0.77,car,0.3103448275862069
9,2,30.51,N/A,0.0,False,539,121,560,146,0.52,car,0.3103448275862069
10,1,22.15,N/A,0.0,False,181,67,456,274,0.79,car,0.3448275862068966
10,2,30.51,N/A,0.0,False,566,119,595,150,0.72,car,0.3448275862068966
10,2,30.51,N/A,0.0,False,539,121,561,146,0.55,car,0.3448275862068966
11,1,22.15,N/A,0.0,False,181,67,456,274,0.82,car,0.3793103448275862
11,2,30.51,N/A,0.0,False,566,119,596,149,0.7,car,0.3793103448275862
12,1,22.15,N/A,0.0,False,181,67,456,273,0.81,car,0.41379310344827586
12,2,30.51,N/A,0.0,False,566,120,596,149,0.65,car,0.41379310344827586
13,1,22.15,N/A,0.0,False,181,66,457,273,0.8,car,0.4482758620689655
13,2,30.51,N/A,0.0,False,567,120,596,149,0.67,car,0.4482758620689655
14,1,22.15,N/A,0.0,False,181,65,458,273,0.81,car,0.4827586206896552
14,2,30.51,N/A,0.0,False,568,120,596,149,0.71,car,0.4827586206896552
15,1,22.15,N/A,0.0,False,181,65,459,273,0.8,car,0.5172413793103449
15,2,28.0,N/A,0.0,False,568,121,595,149,0.67,car,0.5172413793103449
15,2,26.25,N/A,0.0,False,541,122,563,146,0.5,car,0.5172413793103449
16,1,22.15,N/A,0.0,False,181,65,459,272,0.76,car,0.5517241379310345
16,2,25.02,N/A,0.0,False,569,121,595,149,0.68,car,0.5517241379310345
16,2,24.16,N/A,0.0,False,541,121,565,146,0.5,car,0.5517241379310345
17,1,22.15,N/A,0.0,False,182,65,459,272,0.71,car,0.5862068965517241
17,2,23.55,N/A,0.0,False,569,123,595,149,0.66,car,0.5862068965517241
17,2,23.55,N/A,0.0,False,542,119,565,146,0.5,car,0.5862068965517241
18,2,23.55,N/A,0.0,False,570,121,595,149,0.65,car,0.6206896551724138
18,1,22.15,N/A,0.0,False,182,64,460,272,0.63,car,0.6206896551724138
19,1,22.15,N/A,0.0,False,182,64,460,273,0.68,car,0.6551724137931034
19,2,23.55,N/A,0.0,False,570,123,595,149,0.6,car,0.6551724137931034
20,1,22.15,N/A,0.0,False,180,64,460,271,0.7,car,0.6896551724137931
20,2,23.55,N/A,0.0,False,570,121,595,149,0.56,car,0.6896551724137931
21,1,22.15,N/A,0.0,False,180,63,461,271,0.69,car,0.7241379310344828
21,2,30.58,N/A,0.0,False,570,128,595,149,0.58,car,0.7241379310344828
22,1,22.15,N/A,0.0,False,181,63,461,272,0.74,car,0.7586206896551724
22,2,35.5,N/A,0.0,False,570,128,595,149,0.53,car,0.7586206896551724
23,1,22.15,N/A,0.0,False,181,63,461,272,0.72,car,0.7931034482758621
24,1,22.15,N/A,0.0,False,179,63,461,271,0.72,car,0.8275862068965517
24,2,38.94,N/A,0.0,False,571,128,595,149,0.51,car,0.8275862068965517
25,1,22.15,0981x722,0.0,False,181,63,461,273,0.72,car,0.8620689655172413
25,2,41.36,N/A,0.0,False,545,122,567,146,0.52,car,0.8620689655172413
25,2,43.04,N/A,0.0,False,571,128,595,149,0.51,car,0.8620689655172413
26,1,23.52,0981x722,0.0,False,180,62,462,271,0.71,car,0.896551724137931
26,2,43.04,N/A,0.0,False,545,122,567,146,0.54,car,0.896551724137931
26,2,43.04,N/A,0.0,False,572,128,595,149,0.51,car,0.896551724137931
27,1,24.49,0981x722,0.0,False,180,62,462,271,0.68,car,0.9310344827586207
27,2,43.04,N/A,0.0,False,545,122,567,146,0.55,car,0.9310344827586207
27,2,43.04,N/A,0.0,False,572,127,595,149,0.5,car,0.9310344827586207
28,1,25.16,0981x722,0.0,False,180,62,462,271,0.69,car,0.9655172413793104
28,2,43.04,N/A,0.0,False,573,127,595,149,0.53,car,0.9655172413793104
28,2,43.04,N/A,0.0,False,546,122,567,146,0.53,car,0.9655172413793104
29,1,25.63,0981x722,0.0,False,180,62,462,271,0.79,car,1.0
29,2,43.04,N/A,0.0,False,546,122,568,146,0.55,car,1.0
29,2,43.04,N/A,0.0,False,573,129,595,149,0.53,car,1.0
30,1,27.34,N/A,0.0,False,180,61,462,272,0.74,car,1.0344827586206897
30,2,43.04,N/A,0.0,False,573,129,595,149,0.56,car,1.0344827586206897
30,2,43.04,N/A,0.0,False,546,122,568,146,0.55,car,1.0344827586206897
31,1,27.34,0981x722,0.0,False,179,61,463,272,0.73,car,1.0689655172413792
31,2,43.04,N/A,0.0,False,574,129,595,149,0.55,car,1.0689655172413792
31,2,43.04,N/A,0.0,False,547,120,568,145,0.53,car,1.0689655172413792
32,1,27.34,0981x722,0.0,False,180,61,462,273,0.72,car,1.103448275862069
32,2,43.04,N/A,0.0,False,574,128,595,149,0.55,car,1.103448275862069
32,2,43.04,N/A,0.0,False,547,120,569,145,0.51,car,1.103448275862069
33,1,27.34,0981x722,0.0,False,180,61,462,273,0.7,car,1.1379310344827587
33,2,43.04,N/A,0.0,False,574,126,595,149,0.58,car,1.1379310344827587
33,2,43.04,N/A,0.0,False,547,121,569,145,0.53,car,1.1379310344827587
34,1,27.34,0981x722,0.0,False,180,60,462,274,0.68,car,1.1724137931034482
34,2,43.04,N/A,0.0,False,574,125,595,149,0.6,car,1.1724137931034482
34,2,43.04,N/A,0.0,False,547,123,569,145,0.58,car,1.1724137931034482
35,1,27.34,N/A,0.0,False,179,61,463,274,0.65,car,1.206896551724138
35,2,43.04,N/A,0.0,False,575,125,595,149,0.63,car,1.206896551724138
35,2,43.04,N/A,0.0,False,548,123,569,145,0.61,car,1.206896551724138
36,1,27.34,0981x722,0.0,False,179,61,463,274,0.69,car,1.2413793103448276
36,2,43.04,N/A,0.0,False,548,123,570,145,0.65,car,1.2413793103448276
36,2,43.04,N/A,0.0,False,575,124,595,148,0.64,car,1.2413793103448276
37,2,43.04,N/A,0.0,False,576,123,595,149,0.65,car,1.2758620689655173
37,2,43.04,N/A,0.0,False,549,122,570,145,0.62,car,1.2758620689655173
37,1,27.34,0981x722,0.0,False,179,61,463,275,0.61,car,1.2758620689655173
38,2,43.04,N/A,0.0,False,577,124,595,149,0.67,car,1.3103448275862069
38,1,27.34,0981x722,0.0,False,180,61,463,275,0.65,car,1.3103448275862069
38,2,43.04,N/A,0.0,False,549,122,570,145,0.65,car,1.3103448275862069
39,2,43.04,N/A,0.0,False,577,125,595,149,0.69,car,1.3448275862068966
39,2,43.04,N/A,0.0,False,549,123,571,145,0.64,car,1.3448275862068966
39,1,27.34,0981x722,0.0,False,180,61,464,276,0.57,car,1.3448275862068966
40,2,43.04,N/A,0.0,False,578,128,595,150,0.72,car,1.3793103448275863
40,2,43.04,N/A,0.0,False,549,122,571,146,0.6,car,1.3793103448275863
41,2,43.04,N/A,0.0,False,578,129,595,150,0.71,car,1.4137931034482758
41,2,43.04,N/A,0.0,False,549,123,571,146,0.57,car,1.4137931034482758
41,1,27.34,N/A,0.0,False,180,61,464,276,0.56,truck,1.4137931034482758
42,2,43.04,N/A,0.0,False,578,129,595,150,0.71,car,1.4482758620689655
42,1,27.34,N/A,0.0,False,180,62,464,277,0.63,car,1.4482758620689655
42,2,43.04,N/A,0.0,False,549,122,572,146,0.54,car,1.4482758620689655
43,2,43.04,N/A,0.0,False,579,128,595,151,0.7,car,1.4827586206896552
43,1,27.34,N/A,0.0,False,181,61,465,278,0.67,car,1.4827586206896552
43,2,43.04,N/A,0.0,False,550,123,572,146,0.57,car,1.4827586206896552
44,2,43.04,N/A,0.0,False,578,126,595,151,0.67,car,1.5172413793103448
44,1,27.34,N/A,0.0,False,181,61,465,278,0.63,car,1.5172413793103448
44,2,43.04,N/A,0.0,False,550,122,573,146,0.57,car,1.5172413793103448
45,2,43.04,N/A,0.0,False,579,126,595,151,0.66,car,1.5517241379310345
45,1,27.34,N/A,0.0,False,181,61,465,278,0.62,car,1.5517241379310345
45,2,43.04,N/A,0.0,False,551,123,573,146,0.55,car,1.5517241379310345
46,2,43.04,N/A,0.0,False,580,127,595,151,0.67,car,1.5862068965517242
46,1,27.34,N/A,0.0,False,181,61,465,279,0.59,car,1.5862068965517242
46,2,43.04,N/A,0.0,False,552,122,574,146,0.55,car,1.5862068965517242
47,2,43.04,N/A,0.0,False,580,129,595,151,0.68,car,1.6206896551724137
47,1,27.34,N/A,0.0,False,181,62,466,279,0.58,car,1.6206896551724137
47,2,43.04,N/A,0.0,False,552,122,574,147,0.55,car,1.6206896551724137
48,2,43.04,N/A,0.0,False,580,129,595,151,0.69,car,1.6551724137931034
48,1,27.34,N/A,0.0,False,182,61,466,279,0.64,car,1.6551724137931034
48,2,43.04,N/A,0.0,False,552,122,574,147,0.54,car,1.6551724137931034
49,2,43.04,N/A,0.0,False,580,129,595,151,0.68,car,1.6896551724137931
49,1,27.34,N/A,0.0,False,181,62,467,279,0.66,car,1.6896551724137931
49,2,43.04,N/A,0.0,False,552,122,574,147,0.53,car,1.6896551724137931
50,1,25.78,N/A,0.0,False,180,63,467,280,0.72,car,1.7241379310344827
50,2,43.04,N/A,0.0,False,580,130,595,151,0.63,car,1.7241379310344827
50,2,43.04,N/A,0.0,False,553,122,574,147,0.56,car,1.7241379310344827
51,1,24.69,N/A,0.0,False,181,64,467,280,0.69,car,1.7586206896551724
51,2,43.04,N/A,0.0,False,581,130,595,151,0.65,car,1.7586206896551724
51,2,43.04,N/A,0.0,False,553,123,574,147,0.54,car,1.7586206896551724
52,1,23.93,N/A,0.0,False,180,64,468,281,0.73,car,1.793103448275862
52,2,43.04,N/A,0.0,False,581,131,595,151,0.69,car,1.793103448275862
52,2,43.04,N/A,0.0,False,553,122,574,147,0.53,car,1.793103448275862
53,2,43.04,N/A,0.0,False,581,130,595,151,0.68,car,1.8275862068965518
53,1,23.39,N/A,0.0,False,181,65,468,281,0.67,car,1.8275862068965518
53,2,43.04,N/A,0.0,False,553,122,575,148,0.52,car,1.8275862068965518
54,1,23.02,N/A,0.0,False,181,64,468,281,0.8,car,1.8620689655172413
54,2,43.04,N/A,0.0,False,581,129,595,151,0.68,car,1.8620689655172413
54,2,43.04,N/A,0.0,False,553,123,576,148,0.61,car,1.8620689655172413
55,1,22.76,N/A,0.0,False,181,64,469,282,0.77,car,1.896551724137931
55,2,43.04,N/A,0.0,False,581,128,595,152,0.66,car,1.896551724137931
55,2,43.04,N/A,0.0,False,553,122,577,148,0.61,car,1.896551724137931
56,1,22.57,N/A,0.0,False,181,64,469,282,0.81,car,1.9310344827586208
56,2,43.04,N/A,0.0,False,581,129,595,152,0.63,car,1.9310344827586208
56,2,43.04,N/A,0.0,False,554,122,577,148,0.61,car,1.9310344827586208
57,1,22.45,N/A,0.0,False,181,65,469,282,0.75,car,1.9655172413793103
57,2,43.04,N/A,0.0,False,581,130,595,152,0.58,car,1.9655172413793103
57,2,43.04,N/A,0.0,False,554,123,576,148,0.57,car,1.9655172413793103
58,1,22.36,N/A,0.0,False,182,65,469,282,0.76,car,2.0
58,2,43.04,N/A,0.0,False,555,123,576,148,0.59,car,2.0
58,2,43.04,N/A,0.0,False,581,131,595,152,0.53,car,2.0
59,1,22.29,N/A,0.0,False,182,66,469,283,0.75,car,2.0344827586206895
59,2,43.04,N/A,0.0,False,555,123,577,148,0.58,car,2.0344827586206895
59,2,43.04,N/A,0.0,False,583,131,595,152,0.52,car,2.0344827586206895
60,1,22.29,N/A,0.0,False,181,66,469,283,0.8,car,2.0689655172413794
60,2,43.04,N/A,0.0,False,555,124,577,148,0.6,car,2.0689655172413794
61,1,22.29,N/A,0.0,False,182,66,469,283,0.76,car,2.103448275862069
61,2,43.04,N/A,0.0,False,555,124,577,148,0.6,car,2.103448275862069
62,1,22.29,N/A,0.0,False,182,66,469,284,0.78,car,2.1379310344827585
62,2,43.04,N/A,0.0,False,556,124,578,148,0.58,car,2.1379310344827585
63,1,26.11,N/A,0.0,False,182,65,470,282,0.66,car,2.1724137931034484
63,2,43.04,N/A,0.0,False,556,124,578,148,0.6,car,2.1724137931034484
64,1,26.85,N/A,0.0,False,181,66,470,282,0.71,car,2.206896551724138
64,2,43.04,N/A,0.0,False,556,125,578,148,0.62,car,2.206896551724138
65,1,27.37,89811X79,0.0,False,181,66,470,282,0.79,car,2.2413793103448274
65,2,43.04,N/A,0.0,False,556,125,578,148,0.63,car,2.2413793103448274
66,1,27.73,89811X79,0.0,False,180,66,470,282,0.82,car,2.2758620689655173
66,2,43.04,N/A,0.0,False,556,124,579,148,0.61,car,2.2758620689655173
67,1,27.99,89811X79,0.0,False,181,66,470,283,0.7,car,2.310344827586207
67,2,43.04,N/A,0.0,False,556,124,579,148,0.58,car,2.310344827586207
68,1,26.24,89811X79,0.0,False,180,66,471,284,0.73,car,2.3448275862068964
68,2,43.04,N/A,0.0,False,556,124,579,148,0.55,car,2.3448275862068964
69,1,25.01,89811X79,0.0,False,181,65,471,283,0.77,car,2.3793103448275863
69,2,43.04,N/A,0.0,False,556,124,580,148,0.54,car,2.3793103448275863
70,1,24.15,B9811X799,0.0,False,181,64,470,283,0.78,car,2.413793103448276
71,1,23.55,B9811X799,0.0,False,181,65,471,284,0.81,car,2.4482758620689653
72,1,23.13,B9811X799,0.0,False,181,64,471,283,0.8,car,2.4827586206896552
73,1,22.83,B9811X799,0.0,False,181,64,471,283,0.8,car,2.5172413793103448
73,2,32.48,N/A,0.0,False,559,124,581,148,0.5,car,2.5172413793103448
74,1,22.63,B9811X799,0.0,False,181,63,471,283,0.63,car,2.5517241379310347
75,1,22.48,9811X799,0.0,False,180,63,472,283,0.65,car,2.586206896551724
76,1,22.48,9811X799,0.0,False,180,63,472,283,0.7,car,2.6206896551724137
77,1,22.48,9811X799,0.0,False,180,63,472,283,0.74,car,2.6551724137931036
77,2,24.74,N/A,0.0,False,560,123,582,148,0.51,car,2.6551724137931036
78,1,22.48,9811X799,0.0,False,181,63,472,283,0.68,car,2.689655172413793
79,1,22.48,9811X799,0.0,False,181,63,473,284,0.77,car,2.7241379310344827
80,1,22.48,N/A,0.0,False,180,63,473,283,0.68,car,2.7586206896551726
80,2,19.32,N/A,0.0,False,560,123,582,148,0.52,car,2.7586206896551726
81,1,22.48,9811X799,0.0,False,180,62,473,283,0.59,car,2.793103448275862
81,2,15.53,N/A,0.0,False,561,123,582,148,0.56,car,2.793103448275862
82,2,12.88,N/A,0.0,False,561,123,582,148,0.62,car,2.8275862068965516
82,1,22.48,9811X799,0.0,False,180,62,474,283,0.59,car,2.8275862068965516
83,1,22.48,9811X799,0.0,False,181,63,474,283,0.62,car,2.8620689655172415
83,2,10.67,N/A,0.0,False,561,123,582,148,0.59,car,2.8620689655172415
83,2,10.67,N/A,0.0,False,578,130,595,151,0.53,car,2.8620689655172415
84,1,22.48,9811X799,0.0,False,181,63,474,283,0.64,car,2.896551724137931
84,2,10.67,N/A,0.0,False,561,123,583,148,0.58,car,2.896551724137931
84,2,10.67,N/A,0.0,False,578,132,595,151,0.55,car,2.896551724137931
85,1,22.48,B9811x799,0.0,False,180,63,474,283,0.62,car,2.9310344827586206
85,2,10.67,N/A,0.0,False,561,123,583,148,0.61,car,2.9310344827586206
85,2,10.67,N/A,0.0,False,578,133,595,151,0.58,car,2.9310344827586206
86,2,10.67,N/A,0.0,False,578,133,595,151,0.61,car,2.9655172413793105
86,2,10.67,N/A,0.0,False,562,123,583,148,0.59,car,2.9655172413793105
86,1,22.48,B9811x799,0.0,False,180,63,474,283,0.53,car,2.9655172413793105
87,2,10.67,N/A,0.0,False,578,132,595,151,0.66,car,3.0
87,1,22.48,B9811x799,0.0,False,180,63,475,283,0.62,car,3.0
87,2,10.67,N/A,0.0,False,562,122,584,148,0.55,car,3.0
88,2,10.67,N/A,0.0,False,578,132,595,151,0.7,car,3.0344827586206895
88,1,22.48,B9811x799,0.0,False,180,63,475,283,0.6,car,3.0344827586206895
88,2,10.67,N/A,0.0,False,562,123,584,148,0.6,car,3.0344827586206895
89,2,10.67,N/A,0.0,False,578,131,595,151,0.74,car,3.0689655172413794
89,1,22.48,B9811x799,0.0,False,180,63,475,283,0.61,car,3.0689655172413794
89,2,10.67,N/A,0.0,False,563,123,584,148,0.61,car,3.0689655172413794
90,2,10.67,N/A,0.0,False,578,131,595,151,0.76,car,3.103448275862069
90,2,10.67,N/A,0.0,False,563,123,584,148,0.63,car,3.103448275862069
90,1,22.38,N/A,0.0,False,181,63,475,282,0.6,car,3.103448275862069
91,2,10.67,N/A,0.0,False,578,131,595,152,0.76,car,3.1379310344827585
91,2,10.67,N/A,0.0,False,563,124,584,148,0.63,car,3.1379310344827585
91,1,22.31,B9811x799,0.0,False,181,63,475,282,0.59,car,3.1379310344827585
92,2,10.67,N/A,0.0,False,579,131,595,152,0.76,car,3.1724137931034484
92,2,10.67,N/A,0.0,False,563,124,584,148,0.63,car,3.1724137931034484
92,1,22.26,B9811x799,0.0,False,180,62,477,280,0.59,car,3.1724137931034484
93,2,10.67,N/A,0.0,False,579,131,595,152,0.77,car,3.206896551724138
93,2,10.67,N/A,0.0,False,563,124,584,148,0.63,car,3.206896551724138
93,1,22.23,B9811x799,0.0,False,180,62,477,280,0.57,car,3.206896551724138
94,2,10.67,N/A,0.0,False,579,131,595,152,0.77,car,3.2413793103448274
94,2,10.67,N/A,0.0,False,563,123,584,148,0.6,car,3.2413793103448274
94,1,22.2,B9811x799,0.0,False,180,61,477,280,0.56,car,3.2413793103448274
95,2,10.67,N/A,0.0,False,580,131,595,152,0.77,car,3.2758620689655173
95,2,10.67,N/A,0.0,False,563,123,584,148,0.6,car,3.2758620689655173
95,1,22.2,N/A,0.0,False,179,61,478,280,0.54,car,3.2758620689655173
95,1,22.2,B9811X792,0.0,False,180,62,476,281,0.51,truck,3.2758620689655173
96,2,10.67,N/A,0.0,False,579,130,595,151,0.78,car,3.310344827586207
96,2,10.67,N/A,0.0,False,564,123,584,148,0.62,car,3.310344827586207
96,1,22.2,B9811X792,0.0,False,178,61,478,280,0.54,car,3.310344827586207
96,1,22.2,B9811X792,0.0,False,179,62,477,282,0.53,truck,3.310344827586207
97,2,10.67,N/A,0.0,False,579,129,595,151,0.8,car,3.3448275862068964
97,2,10.67,N/A,0.0,False,564,123,584,148,0.63,car,3.3448275862068964
97,1,26.05,B9811X792,0.0,False,176,61,478,280,0.56,car,3.3448275862068964
98,2,10.67,N/A,0.0,False,579,127,595,151,0.8,car,3.3793103448275863
98,2,10.67,N/A,0.0,False,564,123,584,148,0.64,car,3.3793103448275863
98,1,28.74,B9811X792,0.0,False,179,60,478,280,0.6,car,3.3793103448275863
99,2,65.58,N/A,0.0,False,578,126,595,151,0.8,car,3.413793103448276
99,2,104.02,N/A,0.0,True,564,123,584,148,0.61,car,3.413793103448276
99,1,30.62,B9811X792,0.0,False,179,60,478,280,0.58,car,3.413793103448276
100,2,130.92,N/A,0.0,True,578,125,595,151,0.8,car,3.4482758620689653
100,1,31.94,09811X7921,0.0,False,178,60,478,280,0.6,car,3.4482758620689653
100,2,149.76,N/A,0.0,True,564,123,584,148,0.58,car,3.4482758620689653
101,2,162.94,N/A,0.0,True,578,125,595,151,0.8,car,3.4827586206896552
101,1,32.86,09811X7921,0.0,False,178,59,478,280,0.63,car,3.4827586206896552
101,2,172.17,N/A,0.0,True,565,124,584,147,0.56,car,3.4827586206896552
102,2,178.31,N/A,0.0,True,577,124,595,151,0.82,car,3.5172413793103448
102,1,32.86,09811X7921,0.0,False,178,59,478,280,0.55,car,3.5172413793103448
102,2,182.45,N/A,0.0,True,565,123,584,147,0.55,car,3.5172413793103448
103,2,185.19,N/A,0.0,True,577,124,595,151,0.83,car,3.5517241379310347
103,2,186.79,N/A,0.0,True,565,124,585,148,0.53,car,3.5517241379310347
103,1,33.51,09811X7921,0.0,False,178,60,477,282,0.51,truck,3.5517241379310347
104,2,186.15,N/A,0.0,True,577,124,595,151,0.84,car,3.586206896551724
104,2,184.83,N/A,0.0,True,565,124,585,147,0.58,car,3.586206896551724
104,1,32.03,09811X7921,0.0,False,178,59,479,281,0.54,car,3.586206896551724
105,2,183.24,N/A,0.0,True,577,124,595,151,0.83,car,3.6206896551724137
105,1,31.0,N/A,0.0,False,179,60,478,282,0.59,car,3.6206896551724137
105,2,180.47,N/A,0.0,True,565,124,585,147,0.53,car,3.6206896551724137
106,2,177.49,N/A,0.0,True,576,125,595,151,0.83,car,3.6551724137931036
106,1,30.27,09811X7921,0.0,False,178,60,478,283,0.57,car,3.6551724137931036
106,2,175.03,N/A,0.0,True,565,124,585,147,0.54,car,3.6551724137931036
107,2,172.73,N/A,0.0,True,576,125,595,151,0.83,car,3.689655172413793
107,1,29.76,09811X7921,0.0,False,177,60,478,282,0.65,car,3.689655172413793
108,2,169.96,N/A,0.0,True,576,125,595,151,0.82,car,3.7241379310344827
108,1,27.48,09811X7921,0.0,False,176,59,479,283,0.68,car,3.7241379310344827
109,2,168.02,N/A,0.0,True,576,125,595,152,0.82,car,3.7586206896551726
109,1,27.48,09811X7921,0.0,False,176,59,479,283,0.71,car,3.7586206896551726
110,2,166.66,N/A,0.0,True,575,125,595,151,0.82,car,3.793103448275862
110,1,27.48,e9811x793,0.0,False,176,58,479,283,0.7,car,3.793103448275862
111,2,165.71,N/A,0.0,True,575,125,595,151,0.82,car,3.8275862068965516
111,1,27.48,e9811x793,0.0,False,175,58,480,281,0.72,car,3.8275862068965516
112,2,165.71,N/A,0.0,True,575,125,595,151,0.81,car,3.8620689655172415
112,1,27.48,e9811x793,0.0,False,176,58,479,283,0.71,car,3.8620689655172415
113,2,165.71,N/A,0.0,True,575,125,595,151,0.8,car,3.896551724137931
113,1,27.48,e9811x793,0.0,False,175,58,480,282,0.71,car,3.896551724137931
114,2,165.71,N/A,0.0,True,575,125,595,151,0.78,car,3.9310344827586206
114,1,27.48,e9811x793,0.0,False,174,58,481,282,0.7,car,3.9310344827586206
115,2,165.71,N/A,0.0,True,575,125,595,151,0.77,car,3.9655172413793105
115,1,27.48,N/A,0.0,False,174,58,481,282,0.71,car,3.9655172413793105
116,2,165.71,N/A,0.0,True,574,125,595,151,0.74,car,4.0
116,1,27.48,e9811x793,0.0,False,175,58,481,283,0.69,car,4.0
117,2,165.71,N/A,0.0,True,574,125,595,151,0.74,car,4.0344827586206895
117,1,27.48,e9811x793,0.0,False,175,57,481,283,0.71,car,4.0344827586206895
118,2,165.71,N/A,0.0,True,574,125,595,151,0.73,car,4.068965517241379
118,1,27.48,e9811x793,0.0,False,175,58,481,284,0.7,car,4.068965517241379
119,1,27.48,e9811x793,0.0,False,175,58,481,284,0.74,car,4.103448275862069
119,2,165.71,N/A,0.0,True,574,125,595,151,0.71,car,4.103448275862069
120,1,27.48,89811X799,0.0,False,175,59,481,284,0.75,car,4.137931034482759
120,2,165.71,N/A,0.0,True,573,125,595,151,0.7,car,4.137931034482759
121,1,27.48,89811X799,0.0,False,175,59,481,285,0.76,car,4.172413793103448
121,2,165.71,N/A,0.0,True,573,125,595,151,0.69,car,4.172413793103448
122,1,27.48,89811X799,0.0,False,174,59,481,285,0.73,car,4.206896551724138
122,2,165.71,N/A,0.0,True,572,125,595,152,0.7,car,4.206896551724138
123,1,27.48,89811X799,0.0,False,174,60,481,285,0.76,car,4.241379310344827
123,2,165.71,N/A,0.0,True,572,124,595,152,0.71,car,4.241379310344827
124,1,25.88,89811X799,0.0,False,174,60,482,286,0.75,car,4.275862068965517
124,2,165.71,N/A,0.0,True,571,124,595,152,0.72,car,4.275862068965517
125,1,24.76,N/A,0.0,False,174,60,482,286,0.75,car,4.310344827586207
125,2,165.71,N/A,0.0,True,570,124,595,152,0.74,car,4.310344827586207
126,1,23.98,89811X799,0.0,False,174,60,482,286,0.75,car,4.344827586206897
126,2,165.71,N/A,0.0,True,570,124,595,152,0.73,car,4.344827586206897
127,2,165.71,N/A,0.0,True,570,124,595,152,0.75,car,4.379310344827586
127,1,23.43,89811X799,0.0,False,174,60,482,286,0.73,car,4.379310344827586
128,2,165.71,N/A,0.0,True,570,123,595,152,0.76,car,4.413793103448276
128,1,23.04,89811X799,0.0,False,175,60,482,286,0.71,car,4.413793103448276
129,2,165.71,N/A,0.0,True,570,123,595,152,0.77,car,4.448275862068965
129,1,23.04,89811X799,0.0,False,174,60,483,286,0.72,car,4.448275862068965
130,2,165.71,N/A,0.0,True,570,123,595,152,0.78,car,4.482758620689655
130,1,23.04,B9811X799,0.0,False,173,60,482,286,0.7,car,4.482758620689655
131,2,165.71,N/A,0.0,True,569,123,595,152,0.79,car,4.517241379310345
131,1,23.04,B9811X799,0.0,False,173,60,482,286,0.67,car,4.517241379310345
132,2,165.71,N/A,0.0,True,569,123,595,152,0.8,car,4.551724137931035
132,1,23.04,B9811X799,0.0,False,173,59,482,286,0.69,car,4.551724137931035
133,2,165.71,N/A,0.0,True,569,123,595,152,0.81,car,4.586206896551724
133,1,22.77,B9811X799,0.0,False,173,60,483,286,0.71,car,4.586206896551724
134,2,165.71,N/A,0.0,True,569,123,595,152,0.81,car,4.620689655172414
134,1,22.59,B9811X799,0.0,False,173,59,483,286,0.72,car,4.620689655172414
135,2,165.71,N/A,0.0,True,569,123,595,151,0.81,car,4.655172413793103
135,1,22.45,N/A,0.0,False,173,59,483,287,0.69,car,4.655172413793103
136,2,122.64,N/A,0.0,True,568,122,595,151,0.8,car,4.689655172413793
136,1,22.36,B9811X799,0.0,False,173,58,483,286,0.69,car,4.689655172413793
137,2,92.49,N/A,0.0,True,568,122,595,151,0.79,car,4.724137931034483
137,1,22.3,B9811X799,0.0,False,173,58,483,287,0.67,car,4.724137931034483
138,2,71.39,N/A,0.0,False,568,122,595,151,0.78,car,4.758620689655173
138,1,22.3,B9811X799,0.0,False,173,58,483,286,0.68,car,4.758620689655173
139,2,56.62,N/A,0.0,False,568,122,595,151,0.76,car,4.793103448275862
139,1,22.3,B9811X799,0.0,False,172,58,483,287,0.61,car,4.793103448275862
140,2,46.28,N/A,0.0,False,567,121,595,151,0.75,car,4.827586206896552
140,1,22.3,N/A,0.0,False,172,57,483,287,0.63,car,4.827586206896552
141,2,46.28,N/A,0.0,False,567,121,595,151,0.77,car,4.862068965517241
141,1,22.3,B9811X799,0.0,False,172,57,483,287,0.66,car,4.862068965517241
142,2,46.28,N/A,0.0,False,567,121,595,151,0.79,car,4.896551724137931
142,1,22.3,B9811X799,0.0,False,172,57,484,287,0.63,car,4.896551724137931
143,2,46.28,N/A,0.0,False,567,121,595,151,0.8,car,4.931034482758621
143,1,22.3,B9811X799,0.0,False,174,57,484,287,0.66,car,4.931034482758621
144,2,46.28,N/A,0.0,False,566,121,595,151,0.81,car,4.9655172413793105
144,1,22.3,B9811X799,0.0,False,172,57,484,287,0.63,car,4.9655172413793105
144,1,22.3,N/A,0.0,False,172,57,483,288,0.51,truck,4.9655172413793105
145,2,46.28,N/A,0.0,False,566,121,595,151,0.8,car,5.0
145,1,22.3,9810X792,0.0,False,173,57,484,287,0.66,car,5.0
146,2,46.28,N/A,0.0,False,566,121,595,151,0.81,car,5.0344827586206895
146,1,22.3,9810X792,0.0,False,172,56,484,287,0.61,car,5.0344827586206895
147,2,46.28,N/A,0.0,False,566,121,595,151,0.82,car,5.068965517241379
147,1,22.3,9810X792,0.0,False,173,57,484,287,0.65,car,5.068965517241379
148,2,46.28,N/A,0.0,False,565,121,595,151,0.82,car,5.103448275862069
148,1,22.3,9810X792,0.0,False,172,56,485,287,0.58,car,5.103448275862069
148,1,22.3,9810X792,0.0,False,173,56,484,288,0.54,truck,5.103448275862069
149,2,46.28,N/A,0.0,False,565,121,596,151,0.82,car,5.137931034482759
149,1,22.3,9810X792,0.0,False,171,55,485,287,0.59,car,5.137931034482759
150,2,46.28,N/A,0.0,False,565,121,595,151,0.81,car,5.172413793103448
150,1,22.3,N/A,0.0,False,173,56,484,288,0.58,truck,5.172413793103448
150,1,22.3,N/A,0.0,False,172,55,485,287,0.56,car,5.172413793103448
151,2,46.28,N/A,0.0,False,564,121,595,151,0.81,car,5.206896551724138
151,1,22.3,9810X792,0.0,False,172,56,485,287,0.61,car,5.206896551724138
151,1,22.3,9810X792,0.0,False,172,56,484,288,0.5,truck,5.206896551724138
152,2,46.28,N/A,0.0,False,564,121,595,151,0.78,car,5.241379310344827
152,1,22.25,9810X792,0.0,False,172,55,486,287,0.55,car,5.241379310344827
152,1,22.22,9810X792,0.0,False,173,56,484,288,0.54,truck,5.241379310344827
153,2,46.28,N/A,0.0,False,564,120,595,151,0.77,car,5.275862068965517
153,1,22.2,9810X792,0.0,False,172,56,485,287,0.61,car,5.275862068965517
154,2,46.28,N/A,0.0,False,563,120,595,150,0.77,car,5.310344827586207
154,1,22.18,9810X792,0.0,False,171,55,485,287,0.6,car,5.310344827586207
155,2,46.28,N/A,0.0,False,563,120,595,150,0.8,car,5.344827586206897
155,1,22.17,N/A,0.0,False,171,55,485,287,0.57,car,5.344827586206897
155,1,22.17,N/A,0.0,False,172,56,484,288,0.56,truck,5.344827586206897
156,2,46.28,N/A,0.0,False,563,120,595,151,0.78,car,5.379310344827586
156,1,22.17,N/A,0.0,False,172,55,484,288,0.59,truck,5.379310344827586
156,1,22.17,N/A,0.0,False,171,55,485,287,0.57,car,5.379310344827586
157,2,46.28,N/A,0.0,False,562,120,595,151,0.77,car,5.413793103448276
157,1,22.17,N/A,0.0,False,171,55,485,287,0.62,car,5.413793103448276
157,1,22.17,N/A,0.0,False,172,55,484,288,0.52,truck,5.413793103448276
158,2,46.28,N/A,0.0,False,562,120,595,151,0.8,car,5.448275862068965
158,1,22.16,N/A,0.0,False,173,55,485,286,0.59,car,5.448275862068965
158,1,22.16,N/A,0.0,False,172,55,485,288,0.51,truck,5.448275862068965
159,2,46.28,N/A,0.0,False,562,119,595,151,0.81,car,5.482758620689655
159,1,22.16,N/A,0.0,False,173,55,485,286,0.62,car,5.482758620689655
160,2,46.28,N/A,0.0,False,561,119,595,151,0.79,car,5.517241379310345
160,1,22.15,e981x7eg,0.0,False,173,54,485,286,0.57,car,5.517241379310345
160,1,22.15,N/A,0.0,False,172,54,485,288,0.52,truck,5.517241379310345
161,2,46.28,N/A,0.0,False,561,119,595,151,0.78,car,5.551724137931035
161,1,22.15,e981x7eg,0.0,False,172,54,485,286,0.67,car,5.551724137931035
162,2,46.28,N/A,0.0,False,561,119,595,151,0.76,car,5.586206896551724
162,1,22.15,e981x7eg,0.0,False,173,54,485,286,0.61,car,5.586206896551724
163,2,46.28,N/A,0.0,False,560,119,595,151,0.77,car,5.620689655172414
163,1,22.15,e981x7eg,0.0,False,172,54,485,286,0.65,car,5.620689655172414
164,2,46.28,N/A,0.0,False,560,119,595,151,0.77,car,5.655172413793103
164,1,22.15,e981x7eg,0.0,False,171,54,485,286,0.62,car,5.655172413793103
165,2,46.28,N/A,0.0,False,560,118,595,151,0.8,car,5.689655172413793
165,1,22.15,N/A,0.0,False,171,54,486,286,0.62,car,5.689655172413793
166,2,46.28,N/A,0.0,False,559,119,595,151,0.81,car,5.724137931034483
166,1,22.15,e981x7eg,0.0,False,172,54,486,286,0.56,car,5.724137931034483
166,1,22.15,e981x7eg,0.0,False,171,54,486,288,0.51,truck,5.724137931034483
167,2,46.28,N/A,0.0,False,559,118,595,150,0.83,car,5.758620689655173
167,1,22.15,e981x7eg,0.0,False,171,54,486,286,0.61,car,5.758620689655173
168,2,46.28,N/A,0.0,False,559,118,595,150,0.84,car,5.793103448275862
168,1,22.15,e981x7eg,0.0,False,170,54,486,286,0.6,car,5.793103448275862
169,2,46.28,N/A,0.0,False,559,119,595,150,0.85,car,5.827586206896552
169,1,22.15,e981x7eg,0.0,False,169,54,486,286,0.6,car,5.827586206896552
170,2,46.28,N/A,0.0,False,558,119,595,150,0.87,car,5.862068965517241
170,1,22.15,N/A,0.0,False,169,54,486,286,0.58,car,5.862068965517241
171,2,46.28,N/A,0.0,False,558,118,595,150,0.87,car,5.896551724137931
171,1,22.15,e981x7eg,0.0,False,169,53,487,286,0.63,car,5.896551724137931
172,2,46.28,N/A,0.0,False,558,118,595,150,0.88,car,5.931034482758621
172,1,22.15,e981x7eg,0.0,False,170,53,486,286,0.65,car,5.931034482758621
173,2,46.28,N/A,0.0,False,558,118,595,150,0.88,car,5.9655172413793105
173,1,22.15,N/A,0.0,False,168,52,487,286,0.69,car,5.9655172413793105
174,2,46.28,N/A,0.0,False,557,118,595,149,0.89,car,6.0
174,1,22.15,N/A,0.0,False,167,53,487,286,0.67,car,6.0
175,2,46.28,N/A,0.0,False,557,118,595,149,0.9,car,6.0344827586206895
175,1,22.15,N/A,0.0,False,167,52,487,286,0.66,car,6.0344827586206895
176,2,46.28,N/A,0.0,False,556,117,595,149,0.91,car,6.068965517241379
176,1,22.15,N/A,0.0,False,167,52,487,286,0.64,car,6.068965517241379
177,2,46.28,N/A,0.0,False,556,117,595,150,0.92,car,6.103448275862069
177,1,22.15,N/A,0.0,False,167,52,487,286,0.68,car,6.103448275862069
178,2,46.28,N/A,0.0,False,556,117,595,149,0.92,car,6.137931034482759
178,1,22.15,N/A,0.0,False,168,53,487,286,0.64,car,6.137931034482759
179,2,46.28,N/A,0.0,False,555,117,595,149,0.93,car,6.172413793103448
179,1,22.15,N/A,0.0,False,167,53,487,286,0.67,car,6.172413793103448
180,2,46.28,N/A,0.0,False,555,117,595,149,0.93,car,6.206896551724138
180,1,22.15,N/A,0.0,False,167,52,487,286,0.65,car,6.206896551724138
181,2,46.28,N/A,0.0,False,555,117,595,149,0.93,car,6.241379310344827
181,1,22.15,N/A,0.0,False,168,52,487,287,0.67,car,6.241379310344827
182,2,46.28,N/A,0.0,False,555,117,595,149,0.92,car,6.275862068965517
182,1,22.15,N/A,0.0,False,166,53,488,287,0.68,car,6.275862068965517
183,2,46.28,N/A,0.0,False,555,117,595,149,0.92,car,6.310344827586207
183,1,22.15,N/A,0.0,False,166,53,488,287,0.68,car,6.310344827586207
184,2,46.28,N/A,0.0,False,555,117,595,149,0.91,car,6.344827586206897
184,1,22.15,N/A,0.0,False,166,52,488,287,0.69,car,6.344827586206897
185,2,46.28,N/A,0.0,False,555,117,595,149,0.91,car,6.379310344827586
185,1,22.15,e981x79,0.0,False,165,52,489,287,0.69,car,6.379310344827586
186,2,46.28,N/A,0.0,False,554,117,595,149,0.91,car,6.413793103448276
186,1,22.15,e981x79,0.0,False,165,52,489,288,0.67,car,6.413793103448276
187,2,46.28,N/A,0.0,False,554,117,595,149,0.91,car,6.448275862068965
187,1,22.15,e981x79,0.0,False,166,52,489,288,0.69,car,6.448275862068965
188,2,46.28,N/A,0.0,False,554,117,594,149,0.91,car,6.482758620689655
188,1,22.15,e981x79,0.0,False,166,52,489,288,0.68,car,6.482758620689655
189,2,46.28,N/A,0.0,False,554,117,595,149,0.91,car,6.517241379310345
189,1,22.15,e981x79,0.0,False,166,53,490,288,0.73,car,6.517241379310345
190,2,46.28,N/A,0.0,False,554,116,594,149,0.9,car,6.551724137931035
190,1,22.15,N/A,0.0,False,165,53,489,289,0.73,car,6.551724137931035
191,2,46.28,N/A,0.0,False,553,117,595,149,0.9,car,6.586206896551724
191,1,22.15,e981x79,0.0,False,164,53,490,289,0.71,car,6.586206896551724
192,2,46.28,N/A,0.0,False,553,117,595,149,0.9,car,6.620689655172414
192,1,22.15,e981x79,0.0,False,165,53,491,289,0.65,car,6.620689655172414
193,2,46.28,N/A,0.0,False,553,117,595,149,0.9,car,6.655172413793103
193,1,22.15,e981x79,0.0,False,165,53,491,289,0.61,car,6.655172413793103
194,2,46.28,N/A,0.0,False,553,117,595,149,0.9,car,6.689655172413793
194,1,22.15,e981x79,0.0,False,165,53,490,289,0.61,car,6.689655172413793
195,2,46.28,N/A,0.0,False,552,117,595,149,0.9,car,6.724137931034483
195,1,24.9,e9810x792,0.0,False,166,53,492,290,0.57,car,6.724137931034483
196,2,46.28,N/A,0.0,False,552,117,595,149,0.9,car,6.758620689655173
196,1,26.83,e9810x792,0.0,False,166,53,491,290,0.62,car,6.758620689655173
197,2,46.28,N/A,0.0,False,552,117,595,149,0.9,car,6.793103448275862
197,1,28.17,e9810x792,0.0,False,165,53,492,290,0.59,car,6.793103448275862
198,2,46.28,N/A,0.0,False,552,117,595,149,0.9,car,6.827586206896552
198,1,27.74,e9810x792,0.0,False,166,54,489,290,0.55,car,6.827586206896552
198,1,27.44,e9810x792,0.0,False,166,54,489,292,0.54,truck,6.827586206896552
199,2,46.28,N/A,0.0,False,552,117,595,149,0.9,car,6.862068965517241
199,1,27.78,e9810x792,0.0,False,165,53,492,290,0.64,car,6.862068965517241
200,2,46.28,N/A,0.0,False,552,116,595,149,0.9,car,6.896551724137931
200,1,28.02,e9811x792,0.0,False,165,53,492,290,0.63,car,6.896551724137931
201,2,46.28,N/A,0.0,False,552,116,595,149,0.9,car,6.931034482758621
201,1,28.19,e9811x792,0.0,False,165,53,492,290,0.63,car,6.931034482758621
202,2,46.28,N/A,0.0,False,551,116,595,149,0.91,car,6.9655172413793105
202,1,30.24,e9811x792,0.0,False,165,53,493,290,0.61,car,6.9655172413793105
203,2,46.28,N/A,0.0,False,551,116,595,149,0.92,car,7.0
203,1,31.67,e9811x792,0.0,False,165,53,493,291,0.61,car,7.0
204,2,46.28,N/A,0.0,False,551,116,595,149,0.91,car,7.0344827586206895
204,1,28.81,e9811x792,0.0,False,166,54,490,293,0.62,car,7.0344827586206895
205,2,46.28,N/A,0.0,False,551,115,595,149,0.91,car,7.068965517241379
205,1,26.81,9BAIx,0.0,False,166,54,490,293,0.68,car,7.068965517241379
206,2,46.28,N/A,0.0,False,551,115,595,149,0.91,car,7.103448275862069
206,1,25.41,9BAIx,0.0,False,166,54,490,293,0.68,car,7.103448275862069
207,2,46.28,N/A,0.0,False,551,115,595,149,0.91,car,7.137931034482759
207,1,24.43,9BAIx,0.0,False,166,54,490,293,0.64,car,7.137931034482759
208,2,46.28,N/A,0.0,False,550,115,595,149,0.9,car,7.172413793103448
208,1,23.75,9BAIx,0.0,False,164,53,494,291,0.6,car,7.172413793103448
209,2,46.28,N/A,0.0,False,550,115,595,149,0.89,car,7.206896551724138
209,1,26.59,9BAIx,0.0,False,164,54,490,294,0.56,car,7.206896551724138
210,2,46.28,N/A,0.0,False,550,115,594,149,0.88,car,7.241379310344827
210,1,30.21,B9811,0.0,False,163,52,494,291,0.6,car,7.241379310344827
210,1,32.74,N/A,0.0,False,163,54,490,294,0.57,truck,7.241379310344827
211,2,46.28,N/A,0.0,False,550,115,594,149,0.88,car,7.275862068965517
211,1,34.52,B9811,0.0,False,163,53,490,294,0.58,car,7.275862068965517
212,2,46.28,N/A,0.0,False,549,115,593,149,0.87,car,7.310344827586207
212,1,38.23,B9811,0.0,False,163,54,490,293,0.59,car,7.310344827586207
213,2,46.28,N/A,0.0,False,549,115,594,149,0.88,car,7.344827586206897
213,1,41.62,B9811,0.0,False,163,54,490,293,0.61,car,7.344827586206897
214,2,46.28,N/A,0.0,False,549,114,594,149,0.88,car,7.379310344827586
214,1,41.62,B9811,0.0,False,162,54,490,293,0.6,car,7.379310344827586
215,2,46.28,N/A,0.0,False,549,114,594,149,0.88,car,7.413793103448276
215,1,41.62,B9811,0.0,False,162,53,490,294,0.61,car,7.413793103448276
216,2,46.28,N/A,0.0,False,549,115,594,149,0.88,car,7.448275862068965
216,1,41.62,B9811,0.0,False,162,53,490,293,0.56,truck,7.448275862068965
216,1,41.62,B9811,0.0,False,163,52,494,292,0.53,car,7.448275862068965
217,2,39.04,N/A,0.0,False,549,114,595,149,0.89,car,7.482758620689655
217,1,41.62,B9811,0.0,False,163,52,494,291,0.56,car,7.482758620689655
218,2,33.97,N/A,0.0,False,549,114,594,149,0.88,car,7.517241379310345
218,1,39.64,B9811,0.0,False,163,53,491,293,0.58,car,7.517241379310345
219,2,30.42,N/A,0.0,False,549,114,594,149,0.88,car,7.551724137931035
219,1,37.7,B9811,0.0,False,163,52,491,291,0.61,car,7.551724137931035
220,2,27.94,N/A,0.0,False,549,114,594,149,0.88,car,7.586206896551724
220,1,36.34,N/A,0.0,False,161,52,491,291,0.6,car,7.586206896551724
221,2,26.2,N/A,0.0,False,549,114,594,149,0.88,car,7.620689655172414
221,1,35.39,B9811,0.0,False,162,51,491,291,0.59,car,7.620689655172414
222,2,26.2,N/A,0.0,False,549,114,594,149,0.88,car,7.655172413793103
222,1,34.72,B9811,0.0,False,161,52,492,293,0.61,car,7.655172413793103
223,2,26.2,N/A,0.0,False,549,113,595,149,0.89,car,7.689655172413793
223,1,33.7,N/A,0.0,False,162,51,491,292,0.58,car,7.689655172413793
224,2,26.2,N/A,0.0,False,548,113,594,149,0.89,car,7.724137931034483
224,1,33.7,N/A,0.0,False,162,51,492,291,0.62,car,7.724137931034483
225,2,26.2,N/A,0.0,False,549,113,594,149,0.88,car,7.758620689655173
225,1,33.7,N/A,0.0,False,162,51,492,291,0.61,car,7.758620689655173
226,2,26.2,N/A,0.0,False,548,113,594,150,0.89,car,7.793103448275862
226,1,33.7,N/A,0.0,False,161,51,492,291,0.61,car,7.793103448275862
227,2,26.2,N/A,0.0,False,548,113,595,149,0.89,car,7.827586206896552
227,1,30.23,N/A,0.0,False,161,51,493,293,0.59,car,7.827586206896552
228,2,26.2,N/A,0.0,False,549,113,594,149,0.9,car,7.862068965517241
228,1,29.18,N/A,0.0,False,162,50,492,291,0.65,car,7.862068965517241
229,2,26.2,N/A,0.0,False,549,113,595,149,0.9,car,7.896551724137931
229,1,27.99,N/A,0.0,False,163,50,493,293,0.67,car,7.896551724137931
230,2,26.2,N/A,0.0,False,549,113,595,149,0.9,car,7.931034482758621
230,1,27.15,09811X732,0.0,False,162,50,493,293,0.67,car,7.931034482758621
231,2,26.2,N/A,0.0,False,549,113,595,149,0.9,car,7.9655172413793105
231,1,26.57,09811X732,0.0,False,162,50,494,293,0.66,car,7.9655172413793105
232,2,26.2,N/A,0.0,False,549,112,595,149,0.9,car,8.0
232,1,26.16,09811X732,0.0,False,161,49,493,291,0.66,car,8.0
233,2,26.2,N/A,0.0,False,549,112,595,149,0.9,car,8.03448275862069
233,1,24.96,09811X732,0.0,False,161,49,494,291,0.68,car,8.03448275862069
234,2,26.2,N/A,0.0,False,549,112,595,149,0.9,car,8.068965517241379
234,1,24.11,09811X732,0.0,False,161,50,495,293,0.69,car,8.068965517241379
235,2,26.2,N/A,0.0,False,549,112,595,149,0.91,car,8.10344827586207
235,1,24.44,9841x792,0.0,False,162,49,494,290,0.67,car,8.10344827586207
236,2,26.2,N/A,0.0,False,549,112,595,149,0.91,car,8.137931034482758
236,1,25.13,9841x792,0.0,False,162,50,495,292,0.64,car,8.137931034482758
237,2,26.2,N/A,0.0,False,549,112,595,149,0.91,car,8.172413793103448
237,1,26.07,9841x792,0.0,False,161,50,495,292,0.64,car,8.172413793103448
238,2,26.2,N/A,0.0,False,549,112,595,149,0.91,car,8.206896551724139
238,1,26.73,9841x792,0.0,False,162,50,495,292,0.68,car,8.206896551724139
239,2,26.2,N/A,0.0,False,549,112,595,149,0.9,car,8.241379310344827
239,1,28.1,9841x792,0.0,False,162,49,494,291,0.65,car,8.241379310344827
240,2,26.2,N/A,0.0,False,549,112,596,149,0.91,car,8.275862068965518
240,1,29.07,N/A,0.0,False,162,49,495,291,0.67,car,8.275862068965518
241,2,26.2,N/A,0.0,False,550,112,596,149,0.91,car,8.310344827586206
241,1,26.99,9841x792,0.0,False,159,49,495,290,0.65,car,8.310344827586206
242,2,26.2,N/A,0.0,False,550,112,596,149,0.91,car,8.344827586206897
242,1,25.54,9841x792,0.0,False,159,48,495,290,0.65,car,8.344827586206897
243,2,26.2,N/A,0.0,False,550,111,596,149,0.91,car,8.379310344827585
243,1,24.52,9841x792,0.0,False,159,48,495,291,0.65,car,8.379310344827585
244,2,26.2,N/A,0.0,False,550,111,596,149,0.91,car,8.413793103448276
244,1,23.81,9841x792,0.0,False,160,48,495,290,0.66,car,8.413793103448276
245,2,26.2,N/A,0.0,False,550,111,596,148,0.91,car,8.448275862068966
245,1,23.31,N/A,0.0,False,159,47,496,291,0.6,car,8.448275862068966
246,2,26.2,N/A,0.0,False,550,111,596,149,0.91,car,8.482758620689655
246,1,23.31,9841x792,0.0,False,159,47,495,290,0.6,car,8.482758620689655
247,2,26.2,N/A,0.0,False,550,111,596,149,0.91,car,8.517241379310345
247,1,23.31,9841x792,0.0,False,159,47,495,291,0.61,car,8.517241379310345
248,2,26.2,N/A,0.0,False,550,111,595,149,0.9,car,8.551724137931034
248,1,23.31,9841x792,0.0,False,159,48,496,291,0.67,car,8.551724137931034
249,2,26.2,N/A,0.0,False,550,111,596,149,0.89,car,8.586206896551724
249,1,22.96,9841x792,0.0,False,160,48,496,292,0.66,car,8.586206896551724
250,2,26.2,N/A,0.0,False,550,111,596,149,0.89,car,8.620689655172415
250,1,22.72,N/A,0.0,False,158,47,496,291,0.65,car,8.620689655172415
251,2,26.2,N/A,0.0,False,550,111,596,149,0.86,car,8.655172413793103
251,1,22.55,N/A,0.0,False,159,47,496,290,0.75,car,8.655172413793103
252,2,26.2,N/A,0.0,False,550,110,596,149,0.86,car,8.689655172413794
252,1,22.43,N/A,0.0,False,159,47,496,290,0.78,car,8.689655172413794
253,2,26.2,N/A,0.0,False,551,110,596,149,0.86,car,8.724137931034482
253,1,22.34,N/A,0.0,False,159,47,497,290,0.75,car,8.724137931034482
254,2,26.2,N/A,0.0,False,551,110,596,149,0.88,car,8.758620689655173
254,1,22.28,N/A,0.0,False,159,46,497,290,0.81,car,8.758620689655173
255,2,26.2,N/A,0.0,False,551,110,596,149,0.89,car,8.793103448275861
255,1,22.28,89810X73,0.0,False,161,46,497,290,0.78,car,8.793103448275861
256,2,26.2,N/A,0.0,False,551,110,596,149,0.89,car,8.827586206896552
256,1,22.28,89810X73,0.0,False,159,46,498,290,0.81,car,8.827586206896552
257,2,26.2,N/A,0.0,False,552,110,596,149,0.89,car,8.862068965517242
257,1,22.28,89810X73,0.0,False,159,46,498,290,0.77,car,8.862068965517242
258,2,26.2,N/A,0.0,False,552,110,596,149,0.89,car,8.89655172413793
258,1,22.28,89810X73,0.0,False,160,46,499,290,0.79,car,8.89655172413793
259,2,26.2,N/A,0.0,False,552,110,596,149,0.89,car,8.931034482758621
259,1,22.28,89810X73,0.0,False,160,45,499,290,0.8,car,8.931034482758621
260,2,26.2,N/A,0.0,False,552,110,596,149,0.89,car,8.96551724137931
260,1,22.28,N/A,0.0,False,160,45,499,290,0.78,car,8.96551724137931
261,2,26.2,N/A,0.0,False,553,110,596,149,0.9,car,9.0
261,1,22.28,89810X73,0.0,False,160,45,500,290,0.76,car,9.0
262,2,26.2,N/A,0.0,False,553,110,595,149,0.9,car,9.03448275862069
262,1,22.28,89810X73,0.0,False,160,44,501,290,0.72,car,9.03448275862069
263,2,26.2,N/A,0.0,False,553,109,595,149,0.9,car,9.068965517241379
263,1,22.24,89810X73,0.0,False,162,45,501,291,0.72,car,9.068965517241379
264,2,26.2,N/A,0.0,False,553,109,596,149,0.91,car,9.10344827586207
264,1,22.21,89810X73,0.0,False,162,44,501,291,0.75,car,9.10344827586207
265,2,26.2,N/A,0.0,False,554,109,596,149,0.92,car,9.137931034482758
265,1,22.19,N/A,0.0,False,162,44,502,291,0.72,car,9.137931034482758
266,2,26.2,N/A,0.0,False,554,109,596,149,0.92,car,9.172413793103448
266,1,22.18,89810X73,0.0,False,162,45,502,291,0.66,car,9.172413793103448
267,2,26.2,N/A,0.0,False,554,109,596,149,0.91,car,9.206896551724139
267,1,22.17,89810X73,0.0,False,162,45,503,291,0.66,car,9.206896551724139
268,2,26.2,N/A,0.0,False,554,109,596,149,0.9,car,9.241379310344827
268,1,22.17,89810X73,0.0,False,161,44,503,291,0.69,car,9.241379310344827
269,2,26.2,N/A,0.0,False,554,109,596,149,0.9,car,9.275862068965518
269,1,22.17,89810X73,0.0,False,161,44,503,291,0.74,car,9.275862068965518
270,2,26.2,N/A,0.0,False,555,109,596,149,0.9,car,9.310344827586206
270,1,22.17,N/A,0.0,False,162,43,503,291,0.73,car,9.310344827586206
271,2,26.2,N/A,0.0,False,555,109,596,149,0.89,car,9.344827586206897
271,1,22.17,N/A,0.0,False,162,43,505,291,0.74,car,9.344827586206897
272,2,26.2,N/A,0.0,False,555,109,596,149,0.88,car,9.379310344827585
272,1,22.17,N/A,0.0,False,163,43,505,291,0.73,car,9.379310344827585
273,2,26.2,N/A,0.0,False,555,109,596,149,0.89,car,9.413793103448276
273,1,22.17,N/A,0.0,False,163,42,506,291,0.75,car,9.413793103448276
274,2,26.2,N/A,0.0,False,556,109,596,149,0.88,car,9.448275862068966
274,1,22.17,N/A,0.0,False,162,42,507,291,0.71,car,9.448275862068966
275,2,26.2,N/A,0.0,False,556,109,596,149,0.88,car,9.482758620689655
275,1,22.17,N/A,0.0,False,162,42,507,291,0.75,car,9.482758620689655
276,2,26.2,N/A,0.0,False,556,109,596,149,0.87,car,9.517241379310345
276,1,22.17,N/A,0.0,False,163,42,507,291,0.62,car,9.517241379310345
277,2,26.2,N/A,0.0,False,556,108,596,149,0.86,car,9.551724137931034
277,1,22.17,N/A,0.0,False,162,41,508,291,0.61,car,9.551724137931034
278,2,26.2,N/A,0.0,False,557,109,596,149,0.85,car,9.586206896551724
278,1,22.17,N/A,0.0,False,162,41,508,291,0.54,car,9.586206896551724
279,2,24.99,N/A,0.0,False,558,108,596,149,0.84,car,9.620689655172415
279,1,22.17,N/A,0.0,False,163,40,508,291,0.59,car,9.620689655172415
280,2,24.13,N/A,0.0,False,558,108,596,149,0.83,car,9.655172413793103
280,1,22.17,N/A,0.0,False,162,40,509,291,0.6,car,9.655172413793103
281,2,23.54,N/A,0.0,False,558,108,595,149,0.83,car,9.689655172413794
281,1,22.17,N/A,0.0,False,163,40,510,291,0.67,car,9.689655172413794
282,2,23.12,N/A,0.0,False,558,108,595,149,0.83,car,9.724137931034482
282,1,22.17,N/A,0.0,False,165,39,508,291,0.66,car,9.724137931034482
283,2,22.83,N/A,0.0,False,559,108,595,149,0.82,car,9.758620689655173
283,1,24.91,N/A,0.0,False,165,40,511,291,0.64,car,9.758620689655173
284,2,22.83,N/A,0.0,False,559,108,595,149,0.82,car,9.793103448275861
284,1,26.84,N/A,0.0,False,163,40,511,291,0.63,car,9.793103448275861
285,2,22.83,N/A,0.0,False,560,108,595,149,0.82,car,9.827586206896552
285,1,28.18,89811x792,0.0,False,162,40,511,291,0.6,car,9.827586206896552
286,2,22.83,N/A,0.0,False,560,107,595,149,0.82,car,9.862068965517242
286,1,29.12,89811x792,0.0,False,165,39,511,291,0.55,car,9.862068965517242
287,2,22.83,N/A,0.0,False,561,107,595,149,0.82,car,9.89655172413793
287,1,29.78,89811x792,0.0,False,163,40,512,291,0.57,car,9.89655172413793
288,2,22.83,N/A,0.0,False,561,107,595,149,0.82,car,9.931034482758621
288,1,28.87,89811x792,0.0,False,165,39,511,290,0.65,car,9.931034482758621
289,2,22.83,N/A,0.0,False,562,107,595,149,0.82,car,9.96551724137931
289,1,28.23,89811x792,0.0,False,166,39,512,290,0.65,car,9.96551724137931
290,2,22.83,N/A,0.0,False,562,106,595,149,0.84,car,10.0
290,1,27.78,N/A,0.0,False,168,39,513,290,0.78,car,10.0
291,2,22.83,N/A,0.0,False,562,106,595,149,0.84,car,10.03448275862069
291,1,26.09,89811x792,0.0,False,168,39,514,290,0.8,car,10.03448275862069
292,2,22.83,N/A,0.0,False,562,105,595,149,0.85,car,10.068965517241379
292,1,24.91,89811x792,0.0,False,168,38,514,290,0.77,car,10.068965517241379
293,2,22.83,N/A,0.0,False,563,105,595,149,0.84,car,10.10344827586207
293,1,24.91,89811x792,0.0,False,168,39,514,290,0.72,car,10.10344827586207
294,2,22.83,N/A,0.0,False,563,105,595,149,0.85,car,10.137931034482758
294,1,24.91,89811x792,0.0,False,168,38,515,289,0.79,car,10.137931034482758
295,2,22.83,N/A,0.0,False,564,105,595,149,0.85,car,10.172413793103448
295,1,24.91,N/A,0.0,False,168,38,516,289,0.83,car,10.172413793103448
296,2,22.83,N/A,0.0,False,564,105,595,148,0.84,car,10.206896551724139
296,1,24.91,89811x792,0.0,False,170,38,516,289,0.77,car,10.206896551724139
297,2,22.83,N/A,0.0,False,564,106,595,148,0.83,car,10.241379310344827
297,1,24.91,89811x792,0.0,False,169,38,517,289,0.75,car,10.241379310344827
298,2,22.62,N/A,0.0,False,565,105,595,148,0.84,car,10.275862068965518
298,1,24.91,89811x792,0.0,False,169,38,518,288,0.68,car,10.275862068965518
299,2,22.48,N/A,0.0,False,565,105,595,148,0.83,car,10.310344827586206
299,1,24.08,89811x792,0.0,False,168,37,517,288,0.73,car,10.310344827586206
300,2,22.38,N/A,0.0,False,566,105,595,148,0.82,car,10.344827586206897
300,1,24.87,N/A,0.0,False,169,37,519,288,0.73,car,10.344827586206897
301,2,22.31,N/A,0.0,False,565,105,595,148,0.82,car,10.379310344827585
301,1,25.43,N/A,0.0,False,169,37,519,288,0.73,car,10.379310344827585
302,2,22.26,N/A,0.0,False,566,104,595,148,0.82,car,10.413793103448276
302,1,25.82,N/A,0.0,False,170,37,519,288,0.71,car,10.413793103448276
303,2,22.26,N/A,0.0,False,566,104,595,148,0.81,car,10.448275862068966
303,1,26.1,N/A,0.0,False,171,37,519,288,0.69,car,10.448275862068966
304,2,22.26,N/A,0.0,False,566,104,595,148,0.82,car,10.482758620689655
304,1,27.66,N/A,0.0,False,169,36,520,288,0.72,car,10.482758620689655
305,2,22.26,N/A,0.0,False,566,104,595,148,0.83,car,10.517241379310345
305,1,27.66,N/A,0.0,False,170,36,520,288,0.75,car,10.517241379310345
306,2,22.26,N/A,0.0,False,567,104,595,148,0.82,car,10.551724137931034
306,1,27.66,N/A,0.0,False,171,36,520,288,0.7,car,10.551724137931034
307,2,22.26,N/A,0.0,False,567,104,595,148,0.82,car,10.586206896551724
307,1,27.66,N/A,0.0,False,170,35,520,288,0.66,car,10.586206896551724
308,2,22.26,N/A,0.0,False,567,103,595,148,0.82,car,10.620689655172415
308,1,27.66,N/A,0.0,False,170,35,520,288,0.58,car,10.620689655172415
309,2,22.26,N/A,0.0,False,568,103,595,148,0.81,car,10.655172413793103
309,1,27.66,N/A,0.0,False,170,35,521,288,0.56,car,10.655172413793103
310,2,22.26,N/A,0.0,False,568,103,595,148,0.8,car,10.689655172413794
311,2,22.26,N/A,0.0,False,568,103,595,148,0.8,car,10.724137931034482
311,1,26.79,N/A,0.0,False,173,34,523,287,0.52,truck,10.724137931034482
312,2,22.26,N/A,0.0,False,568,103,595,148,0.79,car,10.758620689655173
312,1,26.18,N/A,0.0,False,172,34,524,287,0.53,truck,10.758620689655173
312,1,25.76,N/A,0.0,False,170,34,522,288,0.52,car,10.758620689655173
313,2,22.26,N/A,0.0,False,568,104,595,148,0.8,car,10.793103448275861
313,1,28.39,N/A,0.0,False,172,32,524,287,0.54,truck,10.793103448275861
314,2,22.26,N/A,0.0,False,568,103,595,148,0.81,car,10.827586206896552
314,1,30.23,N/A,0.0,False,172,32,524,287,0.55,truck,10.827586206896552
315,2,22.26,N/A,0.0,False,569,103,595,148,0.81,car,10.862068965517242
315,1,34.45,N/A,0.0,False,172,32,525,287,0.56,truck,10.862068965517242
316,2,22.26,N/A,0.0,False,569,103,595,148,0.81,car,10.89655172413793
316,1,37.4,N/A,0.0,False,172,32,525,287,0.51,truck,10.89655172413793
317,2,22.26,N/A,0.0,False,569,103,595,148,0.8,car,10.931034482758621
317,1,36.15,N/A,0.0,False,170,32,524,288,0.58,car,10.931034482758621
318,2,22.26,N/A,0.0,False,570,103,595,149,0.81,car,10.96551724137931
318,1,31.95,N/A,0.0,False,170,32,524,287,0.56,car,10.96551724137931
319,2,22.26,N/A,0.0,False,570,103,595,149,0.81,car,11.0
319,1,29.01,N/A,0.0,False,169,31,524,287,0.63,car,11.0
320,2,22.26,N/A,0.0,False,570,103,595,149,0.81,car,11.03448275862069
320,1,26.95,N/A,0.0,False,169,31,525,287,0.6,car,11.03448275862069
321,2,22.26,N/A,0.0,False,570,103,595,149,0.8,car,11.068965517241379
321,1,25.51,N/A,0.0,False,170,31,525,287,0.61,car,11.068965517241379
322,2,22.26,N/A,0.0,False,570,104,595,149,0.8,car,11.10344827586207
322,1,25.51,N/A,0.0,False,169,30,526,287,0.66,car,11.10344827586207
323,2,22.26,N/A,0.0,False,570,104,595,149,0.8,car,11.137931034482758
323,1,25.51,N/A,0.0,False,170,30,525,287,0.67,car,11.137931034482758
324,2,22.26,N/A,0.0,False,570,104,595,149,0.8,car,11.172413793103448
324,1,25.51,N/A,0.0,False,170,29,526,287,0.67,car,11.172413793103448
325,2,22.26,N/A,0.0,False,570,104,595,149,0.8,car,11.206896551724139
325,1,25.51,N/A,0.0,False,170,29,525,287,0.67,car,11.206896551724139
326,2,22.26,N/A,0.0,False,570,102,595,148,0.8,car,11.241379310344827
326,1,24.5,N/A,0.0,False,170,28,526,286,0.69,car,11.241379310344827
327,2,22.26,N/A,0.0,False,570,102,595,148,0.8,car,11.275862068965518
327,1,23.79,N/A,0.0,False,169,28,526,286,0.74,car,11.275862068965518
328,2,22.26,N/A,0.0,False,570,102,595,148,0.81,car,11.310344827586206
328,1,23.3,N/A,0.0,False,170,28,527,287,0.73,car,11.310344827586206
329,2,22.26,N/A,0.0,False,570,102,595,148,0.8,car,11.344827586206897
329,1,22.95,N/A,0.0,False,170,28,526,287,0.7,car,11.344827586206897
330,2,22.26,N/A,0.0,False,570,102,595,148,0.81,car,11.379310344827585
330,1,22.71,N/A,0.0,False,169,28,527,287,0.76,car,11.379310344827585
331,2,22.26,N/A,0.0,False,570,102,595,148,0.79,car,11.413793103448276
331,1,22.71,N/A,0.0,False,169,28,527,287,0.73,car,11.413793103448276
332,2,22.26,N/A,0.0,False,570,102,595,149,0.8,car,11.448275862068966
332,1,22.71,N/A,0.0,False,169,28,526,287,0.72,car,11.448275862068966
333,2,22.26,N/A,0.0,False,570,102,595,149,0.8,car,11.482758620689655
333,1,22.71,N/A,0.0,False,168,28,527,287,0.66,car,11.482758620689655
334,2,22.26,N/A,0.0,False,570,102,595,149,0.8,car,11.517241379310345
334,1,22.71,N/A,0.0,False,168,27,527,288,0.64,car,11.517241379310345
335,2,22.26,N/A,0.0,False,570,103,595,149,0.79,car,11.551724137931034
335,1,22.71,9811x792,0.0,False,167,27,527,288,0.71,car,11.551724137931034
336,2,22.26,N/A,0.0,False,570,102,595,148,0.79,car,11.586206896551724
336,1,22.71,9811x792,0.0,False,168,27,527,288,0.79,car,11.586206896551724
337,2,22.26,N/A,0.0,False,570,102,595,148,0.78,car,11.620689655172415
337,1,22.71,9811x792,0.0,False,167,27,527,288,0.75,car,11.620689655172415
338,2,22.26,N/A,0.0,False,570,103,595,148,0.79,car,11.655172413793103
338,1,22.71,9811x792,0.0,False,166,26,527,288,0.72,car,11.655172413793103
339,2,22.26,N/A,0.0,False,570,103,595,148,0.79,car,11.689655172413794
339,1,25.29,9811x792,0.0,False,168,26,528,288,0.69,car,11.689655172413794
340,2,22.26,N/A,0.0,False,570,103,595,148,0.79,car,11.724137931034482
340,1,27.1,B9811x799,0.0,False,167,26,528,289,0.63,car,11.724137931034482
341,2,22.26,N/A,0.0,False,570,102,595,148,0.8,car,11.758620689655173
341,1,26.99,B9811x799,0.0,False,168,26,528,290,0.6,car,11.758620689655173
342,2,22.26,N/A,0.0,False,570,103,595,148,0.79,car,11.793103448275861
342,1,26.91,B9811x799,0.0,False,167,26,529,289,0.58,car,11.793103448275861
343,2,22.26,N/A,0.0,False,570,103,595,149,0.8,car,11.827586206896552
344,2,22.26,N/A,0.0,False,570,103,595,149,0.79,car,11.862068965517242
344,1,25.29,B9811x799,0.0,False,169,26,530,290,0.54,car,11.862068965517242
345,2,22.26,N/A,0.0,False,571,103,595,149,0.79,car,11.89655172413793
345,1,23.24,N/A,0.0,False,167,27,529,291,0.61,car,11.89655172413793
346,2,22.26,N/A,0.0,False,571,103,595,149,0.79,car,11.931034482758621
346,1,21.81,B9811x799,0.0,False,167,27,530,291,0.6,car,11.931034482758621
347,2,22.26,N/A,0.0,False,571,103,595,149,0.79,car,11.96551724137931
347,1,20.25,B9811x799,0.0,False,167,27,529,291,0.63,car,11.96551724137931
348,2,22.26,N/A,0.0,False,571,102,595,149,0.79,car,12.0
348,1,19.16,B9811x799,0.0,False,166,27,529,291,0.6,car,12.0
349,2,22.26,N/A,0.0,False,571,102,595,149,0.78,car,12.03448275862069
349,1,20.05,B9811x799,0.0,False,166,27,529,292,0.51,car,12.03448275862069
350,2,22.26,N/A,0.0,False,570,102,595,149,0.79,car,12.068965517241379
350,1,20.05,e9811x792,0.0,False,164,27,529,292,0.55,car,12.068965517241379
351,2,22.26,N/A,0.0,False,570,102,595,149,0.79,car,12.10344827586207
351,1,23.43,e9811x792,0.0,False,167,27,530,292,0.57,car,12.10344827586207
352,2,22.26,N/A,0.0,False,571,102,595,149,0.79,car,12.137931034482758
352,1,25.8,e9811x792,0.0,False,167,27,530,293,0.52,car,12.137931034482758
353,2,22.26,N/A,0.0,False,571,102,595,149,0.79,car,12.172413793103448
354,2,22.26,N/A,0.0,False,571,101,595,149,0.78,car,12.206896551724139
354,1,27.46,e9811x792,0.0,False,165,28,530,293,0.51,car,12.206896551724139
355,2,22.26,N/A,0.0,False,571,101,595,149,0.78,car,12.241379310344827
356,2,22.26,N/A,0.0,False,571,101,595,149,0.78,car,12.275862068965518
356,1,25.58,e9811x792,0.0,False,167,27,530,292,0.51,truck,12.275862068965518
357,2,22.26,N/A,0.0,False,571,101,595,149,0.77,car,12.310344827586206
357,1,24.26,e9811x792,0.0,False,167,27,530,292,0.58,truck,12.310344827586206
358,2,22.26,N/A,0.0,False,571,101,595,149,0.77,car,12.344827586206897
358,1,21.97,e9811x792,0.0,False,165,27,530,294,0.55,truck,12.344827586206897
359,2,22.26,N/A,0.0,False,572,100,595,149,0.79,car,12.379310344827585
359,1,20.91,e9811x792,0.0,False,165,27,532,295,0.52,truck,12.379310344827585
360,2,22.26,N/A,0.0,False,571,100,595,149,0.8,car,12.413793103448276
360,1,20.18,N/A,0.0,False,165,27,532,295,0.51,truck,12.413793103448276
361,2,22.26,N/A,0.0,False,572,100,595,149,0.79,car,12.448275862068966
361,1,20.77,e9811x792,0.0,False,164,27,532,296,0.51,truck,12.448275862068966
362,2,22.26,N/A,0.0,False,572,101,595,149,0.82,car,12.482758620689655
363,2,22.26,N/A,0.0,False,572,101,595,149,0.83,car,12.517241379310345
364,2,22.26,N/A,0.0,False,572,100,595,149,0.82,car,12.551724137931034
365,2,22.26,N/A,0.0,False,573,100,595,149,0.8,car,12.586206896551724
366,2,22.26,N/A,0.0,False,573,100,595,149,0.83,car,12.620689655172415
367,2,22.26,N/A,0.0,False,573,100,595,149,0.82,car,12.655172413793103
367,1,19.75,e9811x792,0.0,False,160,27,530,296,0.54,car,12.655172413793103
368,2,22.26,N/A,0.0,False,573,100,595,149,0.79,car,12.689655172413794
368,1,19.95,e9811x792,0.0,False,157,27,530,296,0.55,car,12.689655172413794
369,2,22.26,N/A,0.0,False,573,100,595,149,0.77,car,12.724137931034482
369,1,21.02,e9811x792,0.0,False,159,26,531,296,0.55,car,12.724137931034482
370,2,22.26,N/A,0.0,False,573,100,595,149,0.76,car,12.758620689655173
370,1,21.76,B9811X799,0.0,False,158,27,531,296,0.55,car,12.758620689655173
371,2,22.26,N/A,0.0,False,574,100,595,148,0.76,car,12.793103448275861
372,2,22.26,N/A,0.0,False,574,101,595,149,0.75,car,12.827586206896552
372,1,22.37,B9811X799,0.0,False,160,26,535,298,0.55,truck,12.827586206896552
373,2,22.26,N/A,0.0,False,574,101,595,149,0.75,car,12.862068965517242
373,1,24.4,B9811X799,0.0,False,159,27,536,297,0.59,truck,12.862068965517242
374,2,22.26,N/A,0.0,False,574,101,595,148,0.75,car,12.89655172413793
374,1,25.49,B9811X799,0.0,False,158,26,538,298,0.64,truck,12.89655172413793
375,2,22.26,N/A,0.0,False,574,100,595,148,0.75,car,12.931034482758621
375,1,35.85,N/A,0.0,False,151,26,533,297,0.69,truck,12.931034482758621
376,2,22.26,N/A,0.0,False,575,101,595,148,0.75,car,12.96551724137931
376,1,45.08,B9811X799,0.0,False,158,26,536,298,0.7,truck,12.96551724137931
377,2,22.26,N/A,0.0,False,575,101,595,148,0.74,car,13.0
377,1,54.02,B9811X799,0.0,False,156,26,533,297,0.68,truck,13.0
378,2,22.26,N/A,0.0,False,575,101,595,148,0.73,car,13.03448275862069
378,1,60.28,B9811X799,0.0,False,157,26,533,297,0.63,truck,13.03448275862069
379,2,22.26,N/A,0.0,False,575,100,595,148,0.73,car,13.068965517241379
379,1,61.39,B9811X799,0.0,False,153,25,533,297,0.66,truck,13.068965517241379
380,2,22.26,N/A,0.0,False,575,100,595,148,0.74,car,13.10344827586207
380,1,59.04,N/A,0.0,False,152,25,533,297,0.66,truck,13.10344827586207
381,2,22.26,N/A,0.0,False,576,100,595,148,0.75,car,13.137931034482758
381,1,57.24,B9811X799,0.0,False,157,25,537,298,0.67,truck,13.137931034482758
382,2,22.26,N/A,0.0,False,576,100,595,147,0.75,car,13.172413793103448
382,1,56.51,B9811X799,0.0,False,157,25,536,298,0.62,truck,13.172413793103448
383,2,22.26,N/A,0.0,False,576,100,595,147,0.74,car,13.206896551724139
383,1,56.79,B9811X799,0.0,False,150,25,534,297,0.63,truck,13.206896551724139
384,2,22.26,N/A,0.0,False,576,100,595,147,0.77,car,13.241379310344827
384,1,56.06,B9811X799,0.0,False,150,25,533,296,0.6,truck,13.241379310344827
385,2,22.26,N/A,0.0,False,576,100,595,148,0.77,car,13.275862068965518
385,1,55.55,B9811X799,0.0,False,148,25,533,296,0.59,truck,13.275862068965518
386,2,22.26,N/A,0.0,False,576,100,595,147,0.8,car,13.310344827586206
386,1,51.6,N/A,0.0,False,149,24,533,296,0.51,truck,13.310344827586206
387,2,22.23,N/A,0.0,False,577,99,595,146,0.79,car,13.344827586206897
387,1,48.84,N/A,0.0,False,148,24,533,296,0.56,truck,13.344827586206897
388,2,22.2,N/A,0.0,False,577,99,595,146,0.77,car,13.379310344827585
388,1,40.83,N/A,0.0,False,148,24,534,297,0.54,truck,13.379310344827585
389,2,22.19,N/A,0.0,False,577,98,595,146,0.78,car,13.413793103448276
389,1,57.16,N/A,0.0,False,157,23,537,299,0.56,truck,13.413793103448276
390,2,22.17,N/A,0.0,False,577,98,595,146,0.78,car,13.448275862068966
390,1,68.59,N/A,0.0,False,156,23,537,299,0.54,truck,13.448275862068966
391,2,22.17,N/A,0.0,False,577,98,595,146,0.77,car,13.482758620689655
392,2,22.17,N/A,0.0,False,577,97,595,146,0.78,car,13.517241379310345
393,2,22.17,N/A,0.0,False,577,97,595,146,0.79,car,13.551724137931034
393,1,68.61,N/A,0.0,False,144,23,533,298,0.54,car,13.551724137931034
394,2,22.17,N/A,0.0,False,577,97,595,146,0.8,car,13.586206896551724
395,2,22.17,N/A,0.0,False,577,97,595,146,0.8,car,13.620689655172415
395,1,68.63,N/A,0.0,False,144,23,534,298,0.58,car,13.620689655172415
396,2,22.17,N/A,0.0,False,577,96,595,146,0.81,car,13.655172413793103
396,1,68.64,N/A,0.0,False,144,22,534,297,0.53,car,13.655172413793103
397,2,22.17,N/A,0.0,False,577,97,595,146,0.81,car,13.689655172413794
397,1,60.68,N/A,0.0,False,144,22,534,298,0.53,car,13.689655172413794
398,2,22.17,N/A,0.0,False,577,96,595,146,0.82,car,13.724137931034482
398,1,55.1,N/A,0.0,False,143,22,534,298,0.54,car,13.724137931034482
399,2,22.17,N/A,0.0,False,577,96,595,146,0.82,car,13.758620689655173
399,1,55.1,N/A,0.0,False,143,22,535,298,0.52,car,13.758620689655173
400,2,22.17,N/A,0.0,False,577,96,595,146,0.8,car,13.793103448275861
400,1,55.1,N/A,0.0,False,144,21,535,298,0.52,car,13.793103448275861
401,2,22.17,N/A,0.0,False,577,96,595,145,0.78,car,13.827586206896552
402,2,22.17,N/A,0.0,False,577,96,595,145,0.78,car,13.862068965517242
402,1,55.1,N/A,0.0,False,143,20,535,298,0.56,car,13.862068965517242
403,2,22.17,N/A,0.0,False,577,96,595,145,0.79,car,13.89655172413793
403,1,55.1,N/A,0.0,False,143,19,535,298,0.55,car,13.89655172413793
404,2,22.17,N/A,0.0,False,578,95,595,145,0.8,car,13.931034482758621
404,1,55.1,N/A,0.0,False,143,19,535,298,0.55,car,13.931034482758621
405,2,22.17,N/A,0.0,False,578,95,595,145,0.79,car,13.96551724137931
405,1,55.1,N/A,0.0,False,143,19,535,298,0.5,car,13.96551724137931
406,2,22.17,N/A,0.0,False,578,95,595,145,0.79,car,14.0
406,1,55.1,N/A,0.0,False,144,18,536,298,0.53,car,14.0
407,2,22.17,N/A,0.0,False,578,95,595,145,0.79,car,14.03448275862069
407,1,55.1,N/A,0.0,False,144,18,536,298,0.51,car,14.03448275862069
